group,ed50,std.error
P_verrucosa_Haplotype_3b,35.539813419483494,0.0413211379186319
Haplotype_1a,35.862928421155175,0.04468217667611485
