group,ed50,std.error
P_verrucosa_Haplotype_3b,35.57415855988109,0.04473875784762273
Haplotype_1a,35.852351265334406,0.05008322755963198
