species,term,estimate,conf_lower,conf_upper
P. grandis,hill,52.1500091803834,45.42525518093251,58.87476317983429
P. verrucosa,hill,65.28845834006377,54.699064978079505,75.87785170204803
P. grandis,max,0.5776960177712869,0.5630512668138323,0.5923407687287414
P. verrucosa,max,0.5712413626647322,0.5559041163178079,0.5865786090116566
P. grandis,ED50,35.806580872347766,35.70262857952478,35.910533165170754
P. verrucosa,ED50,35.6204553782509,35.52858560903907,35.712325147462735
