species,term,estimate,std.error
P. grandis,hill,52.1500091803834,4.043800927466189
P. verrucosa,hill,65.28845834006377,6.367727161765745
P. grandis,max,0.5776960177712869,0.008806338121677257
P. verrucosa,max,0.5712413626647322,0.009222756848434073
P. grandis,ED50,35.806580872347766,0.06250970342768737
P. verrucosa,ED50,35.6204553782509,0.05524411123072213
