species,rmax,topt,ctmin,ctmax,e,eh,q10,thermal_safety_margin,thermal_tolerance,breadth,skewness
P. grandis,0.2244522841267087,30.628999999999998,-20.378,33.453,0.3900647573869915,NA,1.6610577058836962,2.824000000000005,53.831,6.225000000000001,NA
P. verrucosa,0.218012071239581,27.925,-Inf,38.128,1.0870662699388811,1.0017850438887719,4.191599520616114,10.203,Inf,10.081000000000003,0.08528122605010924
