species,rmax,topt,ctmin,ctmax,e,eh,q10,thermal_safety_margin,thermal_tolerance,breadth,skewness
P. grandis,0.13979869421830174,27.252,-Inf,37.409,-0.8002466310637375,1.682984755027526,NA,10.157,Inf,8.722000000000001,-2.483231386091264
P. verrucosa,0.1128815613581344,22,-Inf,34.259,NA,0.6573900544540688,NA,12.259,Inf,10.503999999999998,NA
