mtORF,rmax,topt,ctmin,ctmax,e,eh,q10,thermal_safety_margin,thermal_tolerance,breadth,skewness
Haplotype_1a,0.137254177519742,28.8,-Inf,34.828,0.24345826131389814,2.664051787335324,1.3740391819693358,6.028000000000002,Inf,9.517,-2.420593526021426
P_verrucosa_Haplotype_3b,0.12226410452444175,22,-Inf,33.879,NA,0.6733471005043038,NA,11.878999999999998,Inf,10.128999999999998,NA
